{"stats":{"minecraft:used":{"minecraft:dirt":1},"minecraft:picked_up":{"minecraft:dirt":1},"minecraft:custom":{"minecraft:jump":57,"minecraft:time_since_rest":34948,"minecraft:leave_game":2,"minecraft:damage_dealt":60,"minecraft:crouch_one_cm":399,"minecraft:sprint_one_cm":8201,"minecraft:play_time":34948,"minecraft:time_since_death":34948,"minecraft:walk_one_cm":7067,"minecraft:sneak_time":168,"minecraft:total_world_time":42957,"minecraft:mob_kills":1,"minecraft:fly_one_cm":10718},"minecraft:mined":{"minecraft:grass_block":1},"minecraft:killed":{"naturalist:sparrow":2}},"DataVersion":3465}