{"stats":{"minecraft:crafted":{"minecraft:oak_planks":3,"minecraft:crafting_table":1,"minecraft:stick":5,"minecraft:wooden_pickaxe":1,"minecraft:stone_pickaxe":1,"minecraft:stone_sword":1,"minecraft:stone_axe":1,"minecraft:air":37},"minecraft:custom":{"minecraft:time_since_rest":10283,"minecraft:interact_with_furnace":3,"minecraft:sprint_one_cm":34311,"minecraft:damage_taken":790,"minecraft:walk_one_cm":28225,"minecraft:trigger_trapped_chest":1,"minecraft:mob_kills":1,"minecraft:damage_dealt":272,"minecraft:interact_with_crafting_table":2,"minecraft:fly_one_cm":48358,"minecraft:open_chest":5,"minecraft:crouch_one_cm":723,"minecraft:play_time":23799,"tombstone:undead_killed":1,"minecraft:deaths":2,"minecraft:sneak_time":320,"minecraft:damage_dealt_resisted":0,"minecraft:jump":214,"minecraft:walk_on_water_one_cm":18,"minecraft:time_since_death":10303,"minecraft:sleep_in_bed":3,"minecraft:climb_one_cm":408,"minecraft:total_world_time":23799,"minecraft:fall_one_cm":7842},"minecraft:used":{"minecraft:stone_sword":9,"minecraft:apple":5,"minecraft:stone_pickaxe":20,"minecraft:wooden_pickaxe":13,"minecraft:stone_axe":1,"minecraft:torch":1,"minecraft:dirt":1,"minecraft:crafting_table":1,"tombstone:gift":2,"minecraft:white_bed":1},"minecraft:killed":{"minecraft:zombie":2},"minecraft:mined":{"minecraft:large_fern":1,"mekanism:osmium_ore":1,"minecraft:white_bed":1,"minecraft:iron_ore":12,"minecraft:crafting_table":1,"minecraft:grass":4,"minecraft:coal_ore":3,"minecraft:grass_block":1,"minecraft:oak_log":2,"minecraft:tall_grass":3,"minecraft:stone":15,"minecraft:wall_torch":2},"minecraft:killed_by":{"minecraft:skeleton":2},"minecraft:picked_up":{"minecraft:raw_iron":12,"minecraft:crafting_table":1,"minecraft:torch":1,"minecraft:oak_log":2,"minecraft:pointed_dripstone":2,"minecraft:white_bed":2,"mekanism:raw_osmium":1,"minecraft:dirt":1,"minecraft:rotten_flesh":1,"minecraft:apple":5,"minecraft:wheat_seeds":1,"mysticalagriculture:inferium_essence":1,"minecraft:coal":3,"minecraft:cobblestone":15}},"DataVersion":3465}