{"stats":{"minecraft:custom":{"minecraft:interact_with_crafting_table":197,"minecraft:open_barrel":1336,"minecraft:bell_ring":11,"minecraft:eat_cake_slice":3,"minecraft:leave_game":28,"minecraft:time_since_death":675137,"minecraft:damage_blocked_by_shield":635,"minecraft:deaths":10,"minecraft:play_time":1800495,"minecraft:jump":10059,"minecraft:enchant_item":13,"minecraft:interact_with_furnace":311,"minecraft:traded_with_villager":1,"minecraft:sleep_in_bed":15,"minecraft:waystone_activated":5,"minecraft:damage_dealt":65344,"tombstone:undead_killed":119,"minecraft:interact_with_anvil":7,"minecraft:inspect_hopper":1,"minecraft:sneak_time":106728,"minecraft:total_world_time":1800495,"tombstone:raider_killed":11,"minecraft:time_since_rest":163109,"minecraft:swim_one_cm":169030,"minecraft:fly_one_cm":1853585,"minecraft:open_chest":423,"minecraft:fall_one_cm":263711,"minecraft:damage_resisted":0,"minecraft:sprint_one_cm":2217384,"minecraft:drop":26,"minecraft:talked_to_villager":19,"minecraft:interact_with_brewingstand":11,"minecraft:walk_on_water_one_cm":144772,"twilightforest:uncrafting_table_interactions":23,"minecraft:crouch_one_cm":376492,"tombstone:villager_killed":8,"minecraft:mob_kills":342,"minecraft:damage_dealt_resisted":835,"minecraft:climb_one_cm":22444,"minecraft:walk_one_cm":2096770,"minecraft:walk_under_water_one_cm":135329,"minecraft:interact_with_grindstone":1,"minecraft:damage_taken":21900,"minecraft:trigger_trapped_chest":16},"minecraft:used":{"minecraft:spruce_slab":1,"minecraft:chest":14,"aquamirae:poisoned_blade":172,"minecraft:rotten_flesh":10,"minecraft:allium":1,"naturalist:cooked_bass":2,"hmag:exp_berry":3,"minecraft:stone_brick_stairs":1,"ironfurnaces:iron_furnace":4,"croptopia:peach":9,"minecraft:furnace":2,"atlantis:ancient_metal_ore":1,"minecraft:diorite":2,"uncrafter:uncrafter":1,"tiab:time_in_a_bottle":32,"minecraft:spruce_door":1,"twilightforest:uncrafting_table":2,"minecraft:wooden_pickaxe":59,"elevatorid:elevator_white":1,"minecraft:sand":2,"sophisticatedstorage:iron_to_diamond_tier_upgrade":8,"croptopia:orange":15,"botanypots:terracotta_botany_pot":3,"mekanismtools:iron_paxel":579,"simpleplanes:plane_workbench":2,"exoticbirds:cooked_birdmeat":3,"sophisticatedstorage:diamond_barrel":11,"minecraft:oak_boat":1,"ironfurnaces:gold_furnace":2,"minecraft:iron_bars":2,"exoticbirds:swan_egg":1,"croptopia:glowing_calamari":3,"casinocraft:cardtable_base_white":7,"minecraft:netherrack":53,"minecraft:torch":61,"minecraft:brewing_stand":1,"minecraft:anvil":1,"botanypots:light_gray_terracotta_hopper_botany_pot":2,"elevatorid:elevator_black":1,"ironfurnaces:diamond_furnace":4,"sophisticatedstorage:iron_barrel":22,"butchersdelight:cleaver":1,"minecraft:spawner":32,"minecraft:bamboo":16,"botanypotstiers:elite_light_gray_terracotta_hopper_botany_pot":5,"tombstone:gift":10,"minecraft:cobbled_deepslate":33,"minecraft:wheat_seeds":126,"minecraft:water_bucket":243,"minecraft:nether_brick_wall":1,"twilightforest:cooked_meef":5,"mekanismtools:stone_paxel":488,"justhammers:diamond_hammer":47,"minecraft:crafting_table":1,"croptopia:apple_sapling":1,"minecraft:white_bed":3,"minecraft:campfire":1,"minecraft:spruce_log":5,"slashblade:slashblade_bamboo":141,"tombstone:magic_scroll":3,"alexsmobs:tendon_whip":59,"enchantinginfuser:enchanting_infuser":3,"minecraft:cobblestone":88,"exoticbirds:gold_birdcage":2,"minecraft:candle":1,"mekanism:block_salt":2,"minecraft:shield":20,"butchersdelight:hook":2,"minecraft:iron_sword":121,"paraglider:goddess_statue":1,"minecraft:nether_bricks":20,"mekanismtools:diamond_paxel":5721,"minecraft:obsidian":10,"sophisticatedbackpacks:diamond_backpack":3,"minecraft:stone_bricks":8,"minecraft:magma_block":2,"pipez:item_pipe":27,"grimoireofgaia:metal_dagger":6,"minecraft:diamond_boots":1,"minecraft:oak_planks":1,"minecraft:light_gray_terracotta":8,"minecraft:dripstone_block":1,"minecraft:shears":3,"waystones:waystone":1,"easy_villagers:villager":21,"quark:hollow_oak_log":1,"editenchanting:enchantment_edit_table":2,"minecraft:bread":3,"hmag:ancient_stone_block":31,"butchersdelight:roaster":1,"minecraft:gravel":27,"croptopia:toast":193,"minecraft:grindstone":1,"minecraft:flint_and_steel":2,"minecraft:rose_bush":1,"minecraft:spruce_planks":11,"morebowsandarrows:diamond_bow":8,"minecraft:stone_hoe":132,"minecraft:oak_door":4,"minecraft:dirt":1776,"minecraft:diamond_helmet":4,"paraglider:horned_statue":1,"botanypotstiers:elite_terracotta_hopper_botany_pot":6,"exoticbirds:pelican_egg":1,"twilightforest:transformation_chest":1,"dynamictrees:birch_seed":9,"minecraft:iron_boots":1,"exoticbirds:iron_birdcage":1,"slashblade:slashblade_wood":300,"simpleplanes:cargo_plane":1,"minecraft:cooked_beef":1,"botanypots:terracotta_hopper_botany_pot":4,"minecraft:glass_bottle":3,"minecraft:red_nether_bricks":6,"minecraft:green_bed":1,"tombstone:bag_of_seeds":4,"sophisticatedstorage:gold_barrel":1,"minecraft:apple":11,"minecraft:cracked_nether_bricks":1,"minecraft:stone_slab":1,"croptopia:peach_sapling":1,"ironfurnaces:emerald_furnace":9,"minecraft:bucket":282,"alexsmobs:animal_dictionary":1,"butchersdelight:rack":1},"minecraft:killed_by":{"grimoireofgaia:minotaurus":2,"grimoireofgaia:minotaur":4,"aquamirae:maw":1,"minecraft:phantom":1},"minecraft:killed":{"vampirism:vampire":4,"minecraft:cave_spider":18,"vampirism:advanced_vampire":2,"grimoireofgaia:minotaur":2,"minecraft:skeleton":66,"grimoireofgaia:mimic":8,"exoticbirds:heron":2,"minecraft:chicken":2,"vampirism:advanced_hunter":4,"hmag:catoblepas":2,"grimoireofgaia:spriggan":4,"minecraft:magma_cube":2,"minecraft:pillager":8,"minecraft:zombie":104,"grimoireofgaia:siren":4,"grimoireofgaia:deathword":2,"mca:male_villager":10,"hmag:creeper_girl":2,"alexsmobs:raccoon":6,"hmag:skeleton_girl":8,"mekanismadditions:baby_skeleton":12,"hmag:zombie_girl":14,"grimoireofgaia:creep":2,"alexsmobs:rocky_roller":4,"grimoireofgaia:cyan_flower":2,"minecraft:wandering_trader":2,"alexsmobs:catfish":4,"mca:female_villager":4,"minecraft:enderman":4,"minecraft:zombified_piglin":4,"minecraft:witch":10,"minecraft:spider":32,"grimoireofgaia:minotaurus":6,"naturalist:snail":4,"alexsmobs:banana_slug":2,"minecraft:silverfish":2,"artifacts:mimic":4,"twilightforest:minotaur":22,"grimoireofgaia:bone_knight":4,"mekanismadditions:baby_creeper":14,"minecraft:creeper":8,"vampirism:hunter":8,"grimoireofgaia:naga":2,"minecraft:sheep":6,"minecraft:trader_llama":4,"alexsmobs:terrapin":2,"grimoireofgaia:harpy":32,"grimoireofgaia:dryad":2,"minecraft:blaze":40,"grimoireofgaia:satyress":2,"mekanismadditions:baby_wither_skeleton":2,"minecraft:slime":18,"minecraft:phantom":4,"grimoireofgaia:ender_eye":8,"naturalist:bass":26,"alexsmobs:bison":6,"grimoireofgaia:dullahan":2,"hmag:ghost":16,"aquamirae:maw":2,"quark:foxhound":4,"minecraft:bat":2,"grimoireofgaia:cecaelia":4,"netherdungeons:baby_ghast":2,"minecraft:squid":12,"alexsmobs:cockroach":2,"sons_of_sins:betrayed_guzzler":2,"exoticbirds:pigeon":2,"grimoireofgaia:arachne":8,"grimoireofgaia:werecat":12,"minecraft:wither_skeleton":4},"minecraft:picked_up":{"minecraft:iron_chestplate":2,"minecraft:flower_pot":16,"minecraft:chainmail_boots":2,"minecraft:creeper_head":1,"minecraft:anvil":6,"mekanism:raw_uranium":2,"minecraft:lead":2,"minecraft:smithing_table":6,"minecraft:stone_slab":5,"minecraft:enchanted_book":9,"atlantis:atlantean_fire_melon_fruit_seeds":28,"croptopia:calamari":5,"minecraft:amethyst_block":143,"casinocraft:cardtable_base_white":5,"minecraft:music_disc_cat":1,"paraglider:goddess_statue":1,"minecraft:string":34,"minecraft:soul_soil":2,"minecraft:red_nether_bricks":6,"sophisticatedstorage:diamond_barrel":7,"upgrade_aquatic:river_sapling":1,"butchersdelight:cleaver":1,"minecraft:beetroot":2,"mysticalagriculture:inferium_essence":105,"upgrade_aquatic:river_log":8,"minecraft:gold_nugget":92,"minecraft:cobbled_deepslate":516,"minecraft:spruce_planks":54,"minecraft:coal_block":207,"upgrade_aquatic:mulberry":5,"grimoireofgaia:taproot":6,"mysticalagriculture:prosperity_shard":93,"minecraft:green_bed":1,"potionsmaster:bezoar":3,"alexsmobs:tendon_whip":1,"mekanism:raw_tin":8,"easy_villagers:villager":3,"minecraft:stone_sword":2,"slashblade:proudsoul":1,"vampirism:blood_bottle":1,"grimoireofgaia:stone_coal":6,"artifacts:villager_hat":1,"farmersdelight:onion":201,"create:ochrum":4,"minecraft:iron_block":1,"farmersdelight:rope":5,"tombstone:scroll_of_aquatic_life":1,"supplementaries:ash":74,"minecraft:blaze_rod":8,"minecraft:iron_bars":6,"minecraft:birch_log":42,"minecraft:magma_block":5,"minecraft:feather":29,"minecraft:cooked_beef":16,"farmersdelight:rice":25,"minecraft:birch_slab":24,"alexsmobs:bison_fur":3,"minecraft:flint":12,"upgrade_aquatic:flowering_rush":11,"farmersdelight:tomato":118,"aquamirae:fin":1,"christmasfestivity:disc_marrychristmas":1,"minecraft:stonecutter":2,"botanypots:terracotta_hopper_botany_pot":4,"hmag:exp_berry":8,"botanypots:light_gray_terracotta_hopper_botany_pot":2,"exoticbirds:eggshell":2,"hmag:ancient_stone_block":1,"patchouli:guide_book":4,"mekanismtools:stone_paxel":1,"minecraft:ink_sac":13,"aquamirae:terrible_chestplate":1,"minecraft:trapped_chest":2,"minecraft:barrel":9,"alexsmobs:animal_dictionary":4,"aquamirae:poisoned_blade":1,"minecraft:bundle":5,"bossominium:the_bossdexium":4,"enchantinginfuser:enchanting_infuser":2,"minecraft:golden_horse_armor":1,"minecraft:chainmail_helmet":1,"minecraft:bread":77,"twilightforest:uncrafting_table":1,"croptopia:toast":62,"minecraft:mud":15,"minecraft:crafting_table":1,"twilightforest:cooked_meef":5,"minecraft:clay_ball":880,"minecraft:cornflower":5,"pipez:advanced_upgrade":4,"minecraft:iron_shovel":1,"butchersdelight:dead_cow":1,"minecraft:beef":12,"minecraft:iron_nugget":95,"minecraft:poppy":3,"ironfurnaces:diamond_furnace":4,"minecraft:spruce_slab":29,"minecraft:chest":48,"minecraft:egg":2,"grimoireofgaia:diamond_shard":1,"minecraft:stone":16,"minecraft:oak_door":2,"pipez:item_pipe":8,"farmersdelight:tomato_seeds":36,"minecraft:carrot":5,"minecraft:redstone":108,"twilightforest:transformation_chest":1,"crafting_on_a_stick:crafting_table":2,"minecraft:tnt":20,"butchersdelight:deadsheep":4,"ironfurnaces:gold_furnace":2,"minecraft:hay_block":8,"tombstone:essence_of_undeath":1,"minecraft:gold_ingot":9,"minecraft:mutton":49,"exoticbirds:raw_birdmeat":1,"minecraft:white_wool":4,"minecraft:bone_block":49,"minecraft:fern":2,"croptopia:glowing_calamari":4,"minecraft:acacia_wood":12,"grimoireofgaia:bone_shield":2,"minecraft:oak_log":417,"farmersdelight:flint_knife":1,"minecraft:paper":14,"exoticbirds:cooked_birdmeat":3,"minecraft:white_banner":2,"butchersdelight:deadchiken":8,"minecraft:apple":104,"minecraft:stone_bricks":10,"guideapi_vp:vampirism-guidebook":4,"aquamirae:terrible_leggings":1,"minecraft:cobweb":5,"tombstone:bag_of_seeds":2,"minecraft:smooth_basalt":3,"exoticbirds:swan_egg":2,"minecraft:sweet_berries":37,"minecraft:cracked_nether_bricks":1,"minecraft:gravel":64,"powah:uraninite_raw":15,"slashblade:slashblade_bamboo":2,"minecraft:spruce_sapling":52,"minecraft:spruce_log":152,"grimoireofgaia:box_iron":1,"tombstone:scroll_of_true_sight":1,"minecraft:slime_ball":24,"minecraft:stone_axe":2,"croptopia:orange":15,"minecraft:melon_seeds":6,"minecraft:stripped_dark_oak_log":1,"botanypots:terracotta_botany_pot":3,"minecraft:hopper":1,"minecraft:ender_pearl":5,"sophisticatedstorage:iron_barrel":7,"minecraft:wheat":608,"minecraft:redstone_block":1,"supplementaries:bomb_blue":1,"quark:hollow_oak_log":1,"minecraft:stone_brick_stairs":1,"minecraft:raw_copper":72,"minecraft:iron_leggings":6,"minecraft:zombie_head":2,"atlantis:ancient_metal_ore":28,"minecraft:tnt_minecart":3,"farmersdelight:cabbage":36,"minecraft:red_dye":3,"minecraft:rose_bush":2,"minecraft:calcite":3,"dynamictrees:oak_seed":242,"minecraft:iron_pickaxe":2,"alexsmobs:raccoon_tail":1,"farmersdelight:cabbage_seeds":113,"minecraft:iron_boots":3,"minecraft:furnace":2,"tombstone:scroll_of_lightning_resistance":1,"minecraft:stick":1003,"apotheosis:gem":33,"minecraft:torch":88,"vampirism:vampire_fang":1,"tombstone:grave_dust":35,"minecraft:pointed_dripstone":33,"minecraft:diorite":2,"minecraft:rotten_flesh":87,"supplementaries:antique_ink":6,"minecraft:obsidian":4,"minecraft:cod":17,"minecraft:cobblestone":1690,"paraglider:paraglider":1,"mekanismtools:lapis_lazuli_chestplate":1,"grimoireofgaia:metal_dagger":4,"minecraft:andesite":101,"mekanismtools:lapis_lazuli_helmet":1,"minecraft:potato":62,"paraglider:spirit_orb":66,"create:raw_zinc":3,"exoticbirds:gold_birdcage":2,"supplementaries:flax_seeds":27,"artifacts:flame_pendant":1,"butchersdelight:goat_fur":3,"minecraft:lapis_lazuli":56,"minecraft:dirt":2277,"minecraft:name_tag":2,"editenchanting:enchantment_edit_table":1,"hmag:evil_crystal_fragment":5,"minecraft:leather_boots":2,"minecraft:bone":153,"minecraft:bow":8,"minecraft:wheat_seeds":2673,"simpleplanes:plane_workbench":1,"minecraft:raw_gold":144,"vampirism:item_garlic":1,"minecraft:grindstone":4,"exoticbirds:iron_birdcage":1,"minecraft:fletching_table":2,"minecraft:bamboo":281,"minecraft:stone_hoe":2,"minecraft:oak_planks":1,"ironfurnaces:iron_furnace":4,"hmag:soul_powder":27,"naturalist:cattail_fluff":15,"minecraft:sand":495,"exoticbirds:mystery_egg":30,"minecraft:lily_of_the_valley":10,"hmag:kobold_leather":2,"grimoireofgaia:shiny_pearl":2,"sons_of_sins:flesh_of_demise":1,"minecraft:dark_prismarine":4,"upgrade_aquatic:perch":1,"minecraft:light_gray_terracotta":232,"minecraft:sugar":2,"minecraft:diamond":18,"minecraft:soul_lantern":6,"waystones:waystone":3,"minecraft:crossbow":2,"minecraft:golden_apple":2,"butchersdelight:deadllama":4,"minecraft:emerald":40,"alexsmobs:banana_slug_slime":1,"minecraft:oak_sapling":32,"minecraft:netherrack":118,"minecraft:allium":12,"artifacts:night_vision_goggles":1,"grimoireofgaia:soulfire":8,"minecraft:chicken":2,"minecraft:ladder":1,"croptopia:peach":31,"minecraft:turtle_helmet":2,"minecraft:chest_minecart":1,"minecraft:brown_mushroom":2,"dynamictrees:spruce_seed":16,"minecraft:stone_brick_wall":16,"minecraft:gold_block":8,"minecraft:diamond_horse_armor":1,"minecraft:moss_carpet":1,"minecraft:large_fern":1,"minecraft:blackstone":16,"casinocraft:rulebook_1_1":5,"minecraft:candle":1,"minecraft:sugar_cane":198,"farmersdelight:golden_knife":2,"minecraft:spruce_trapdoor":5,"minecraft:phantom_membrane":2,"minecraft:raw_iron":1956,"grimoireofgaia:meat":8,"minecraft:copper_ingot":3,"minecraft:iron_horse_armor":1,"twilightforest:raw_meef":12,"minecraft:dark_oak_planks":1,"minecraft:arrow":62,"minecraft:pumpkin_pie":3,"minecraft:nether_bricks":77,"upgrade_aquatic:driftwood_log":7,"artifacts:running_shoes":1,"minecraft:saddle":4,"paraglider:horned_statue":1,"minecraft:nether_brick_wall":1,"minecraft:skeleton_skull":2,"hmag:emerald_fragment":1,"minecraft:glow_ink_sac":15,"minecraft:salmon":1,"minecraft:leather":16,"minecraft:birch_planks":56,"minecraft:chainmail_chestplate":6,"minecraft:gunpowder":28,"naturalist:bass":13,"mekanism:salt":12,"vampirism:human_heart":2,"minecraft:rabbit_hide":8,"minecraft:iron_ingot":181,"dynamictrees:birch_seed":56,"botanypotstiers:elite_terracotta_hopper_botany_pot":2,"minecraft:soul_sand":84,"minecraft:book":433,"slashblade:proudsoul_tiny":13,"minecraft:pumpkin":3,"minecraft:stone_brick_slab":1,"minecraft:quartz":29,"minecraft:dripstone_block":1,"minecraft:amethyst_shard":36,"mekanismtools:lapis_lazuli_boots":1,"minecraft:blast_furnace":6,"minecraft:white_bed":2,"minecraft:spider_eye":18,"mekanism:raw_osmium":24,"minecraft:spruce_door":1,"alexsmobs:raw_catfish":3,"butchersdelight:sheephide":12,"minecraft:pumpkin_seeds":19,"atlantis:deepslate_ancient_metal_ore":10,"twilightforest:maze_map_focus":2,"minecraft:iron_helmet":4,"exoticbirds:pelican_egg":1,"tombstone:magic_scroll":7,"minecraft:coal":2203},"minecraft:dropped":{"croptopia:toast":60,"minecraft:white_bed":1,"minecraft:wheat_seeds":1,"minecraft:apple":5,"exoticbirds:mystery_egg":2,"minecraft:spruce_sapling":2,"butchersdelight:goat_fur":1,"easy_villagers:villager":2,"paraglider:paraglider":1,"crafting_on_a_stick:crafting_table":2,"slashblade:slashblade_bamboo":2,"butchersdelight:deadchiken":6},"minecraft:crafted":{"minecraft:obsidian":5,"minecraft:black_dye":1,"pipez:wrench":1,"mekanism:ingot_osmium":0,"botanypots:terracotta_hopper_botany_pot":8,"minecraft:blaze_powder":3,"pipez:improved_upgrade":10,"pipez:item_pipe":3,"minecraft:birch_slab":24,"ironfurnaces:iron_furnace":9,"croptopia:toast":118,"minecraft:diamond_shovel":3,"minecraft:cracked_stone_bricks":0,"ironfurnaces:diamond_furnace":9,"naturalist:cooked_bass":2,"minecraft:iron_bars":68,"butchersdelight:rack":1,"minecraft:glass":5,"minecraft:quartz_block":5,"allthecompressed:ender_pearl_block_3x":9,"minecraft:diamond_helmet":2,"minecraft:diamond_leggings":2,"explorerscompass:explorerscompass":1,"botanypotstiers:elite_terracotta_hopper_botany_pot":7,"minecraft:chiseled_quartz_block":3,"minecraft:flower_pot":35,"minecraft:glass_bottle":7,"blue_skies:blue_journal":1,"tiab:time_in_a_bottle":1,"minecraft:diamond_axe":3,"enchantinginfuser:enchanting_infuser":1,"allthecompressed:gold_block_1x":1,"minecraft:clock":1,"minecraft:copper_ingot":0,"minecraft:lava_bucket":34,"minecraft:campfire":1,"allthecompressed:ender_pearl_block_4x":10,"minecraft:spawner":32,"quark:oak_chest":6,"minecraft:iron_pickaxe":4,"exoticbirds:gold_birdcage":3,"minecraft:iron_block":27,"minecraft:gold_ingot":20,"sophisticatedstorage:diamond_barrel":4,"refinedstorage:machine_casing":2,"minecraft:fire_charge":3,"mekanism:block_salt":2,"minecraft:stone_shovel":3,"minecraft:iron_nugget":116,"mysticalagriculture:inferium_farmland":1,"simpleplanes:plane_workbench":1,"potionsmaster:pestle":1,"slashblade:slashblade_wood":7,"elevatorid:elevator_black":1,"croptopia:peach_sapling":1,"potionsmaster:tile_mortar":1,"ironfurnaces:emerald_furnace":9,"minecraft:terracotta":15,"minecraft:diamond":3,"exoticbirds:iron_birdcage":1,"butchersdelight:roaster":1,"minecraft:spruce_slab":66,"minecraft:ender_pearl":18,"minecraft:stone_pickaxe":3,"mob_grinding_utils:mob_swab":3,"minecraft:diamond_boots":3,"minecraft:quartz_slab":6,"minecraft:redstone_block":59,"minecraft:wheat":8,"minecraft:coal_block":1014,"simplemagnets:basicmagnet":1,"allthecompressed:ender_pearl_block_7x":9,"mekanismtools:lapis_lazuli_helmet":1,"minecraft:enchanting_table":1,"allthetweaks:ender_pearl_block":18,"sophisticatedbackpacks:gold_backpack":2,"casinocraft:cardtable_base_white":1,"allthecompressed:ender_pearl_block_2x":18,"minecraft:iron_shovel":3,"botanypots:terracotta_botany_pot":8,"minecraft:brick":0,"mekanismtools:diamond_paxel":3,"minecraft:farmland":1,"minecraft:oak_planks":58,"mekanismtools:iron_paxel":3,"botanypots:light_gray_terracotta_hopper_botany_pot":6,"botanypotstiers:elite_light_gray_terracotta_hopper_botany_pot":6,"sophisticatedstorage:barrel":20,"minecraft:stone":16,"allthecompressed:ender_pearl_block_1x":9,"morebowsandarrows:diamond_arrow":8,"minecraft:hopper":23,"minecraft:iron_boots":1,"hmag:ancient_stone":21,"justhammers:diamond_hammer":1,"minecraft:chest":6,"minecraft:stone_hoe":2,"minecraft:stone_bricks":1,"minecraft:raw_iron_block":14,"sophisticatedstorage:gold_barrel":5,"minecraft:dropper":20,"sophisticatedbackpacks:backpack":1,"casinocraft:rulebook_1_1":1,"minecraft:crafting_table":11,"minecraft:spruce_planks":103,"minecraft:wooden_pickaxe":1,"minecraft:birch_planks":19,"minecraft:gold_block":28,"minecraft:brewing_stand":1,"butchersdelight:cleaver":1,"mekanismtools:stone_paxel":3,"minecraft:paper":3,"minecraft:diamond_pickaxe":3,"minecraft:emerald_block":1,"allthecompressed:ender_pearl_block_5x":9,"sophisticatedbackpacks:diamond_backpack":2,"minecraft:stick":45,"minecraft:iron_ingot":263,"powah:uraninite":0,"minecraft:redstone_torch":28,"minecraft:shears":1,"uncrafter:uncrafter":1,"pipez:advanced_upgrade":10,"minecraft:wooden_sword":7,"minecraft:oak_door":1,"croptopia:apple_sapling":1,"minecraft:coal":82,"minecraft:raw_iron":14,"minecraft:redstone":18,"ironfurnaces:gold_furnace":9,"slashblade:slashblade_bamboo":2,"morebowsandarrows:diamond_bow":1,"minecraft:furnace":9,"refinedstorage:quartz_enriched_iron":39,"minecraft:diamond_block":6,"minecraft:flint_and_steel":2,"minecraft:iron_axe":4,"minecraft:iron_hoe":1,"refinedstorage:silicon":74,"allthecompressed:ender_pearl_block_6x":10,"sophisticatedstorage:iron_barrel":20,"twilightforest:uncrafting_table":1,"sophisticatedbackpacks:iron_backpack":2,"paraglider:paraglider":1,"minecraft:red_dye":3,"editenchanting:enchantment_edit_table":1,"elevatorid:elevator_white":1,"butchersdelight:hook":2,"allthecompressed:ender_pearl_block_8x":1,"sophisticatedstorage:iron_to_gold_tier_upgrade":8,"minecraft:bucket":18,"crafting_on_a_stick:crafting_table":2,"minecraft:stone_axe":3,"minecraft:air":5094,"minecraft:bread":218,"minecraft:oak_boat":1,"minecraft:gold_nugget":6,"sophisticatedstorage:iron_to_diamond_tier_upgrade":8,"powah:uraninite_block":1,"minecraft:torch":92,"minecraft:crying_obsidian":7,"minecraft:clay":40,"minecraft:lapis_block":3,"minecraft:diamond_chestplate":2,"pipez:basic_upgrade":10},"minecraft:broken":{"mekanismtools:stone_paxel":2,"mekanismtools:lapis_lazuli_helmet":1,"minecraft:stone_hoe":1,"minecraft:wooden_pickaxe":1,"mekanismtools:iron_paxel":1,"slashblade:slashblade_wood":5,"slashblade:slashblade_bamboo":2},"minecraft:mined":{"minecraft:dark_oak_planks":1,"minecraft:white_bed":2,"minecraft:red_nether_bricks":6,"minecraft:stone_brick_wall":16,"botanypotstiers:elite_terracotta_hopper_botany_pot":2,"minecraft:hopper":1,"mysticalagriculture:inferium_ore":1,"minecraft:spawner":33,"minecraft:tall_seagrass":11,"minecraft:magma_block":5,"minecraft:fire":9,"upgrade_aquatic:mulberry_vine":1,"minecraft:barrel":7,"minecraft:pumpkin":3,"minecraft:deepslate_lapis_ore":4,"minecraft:fletching_table":1,"minecraft:nether_brick_stairs":1,"minecraft:dirt_path":15,"mekanism:osmium_ore":12,"minecraft:potted_brown_mushroom":1,"botanypots:terracotta_hopper_botany_pot":4,"botanypots:terracotta_botany_pot":3,"minecraft:amethyst_cluster":2,"mekanism:block_salt":3,"ironfurnaces:iron_furnace":4,"minecraft:torch":9,"dynamictrees:birch_sapling":2,"minecraft:blast_furnace":3,"mekanism:tin_ore":5,"twilightforest:uncrafting_table":1,"minecraft:sugar_cane":15,"minecraft:amethyst_block":143,"powah:deepslate_uraninite_ore_poor":7,"minecraft:mud":2,"realmrpg_skeletons:webbed_skeleton":1,"paraglider:horned_statue":1,"minecraft:wheat":3,"minecraft:stone_brick_stairs":1,"minecraft:grass":261,"minecraft:smooth_basalt":3,"minecraft:stonecutter":1,"mysticalagriculture:deepslate_inferium_ore":6,"minecraft:deepslate":511,"naturalist:cattail":9,"minecraft:dark_prismarine":4,"powah:deepslate_uraninite_ore":4,"simpleplanes:plane_workbench":1,"minecraft:nether_brick_wall":1,"minecraft:nether_bricks":78,"minecraft:allium":6,"casinocraft:cardtable_base_white":5,"atlantis:deepslate_ancient_metal_ore":10,"dynamictrees:oak_leaves":1,"farmersdelight:wild_onions":2,"dynamictrees:dark_oak_leaves":4,"minecraft:acacia_wood":13,"minecraft:andesite":52,"minecraft:vine":1,"minecraft:bamboo_sapling":1,"minecraft:bamboo":17,"minecraft:bone_block":21,"minecraft:smithing_table":3,"minecraft:soul_sand":84,"minecraft:potted_lily_of_the_valley":9,"minecraft:stone_brick_slab":1,"minecraft:tall_grass":58,"minecraft:copper_ore":20,"minecraft:deepslate_gold_ore":1,"minecraft:diorite":2,"hmag:ancient_stone_block":1,"minecraft:trapped_chest":1,"minecraft:spruce_log":54,"sophisticatedstorage:diamond_barrel":7,"upgrade_aquatic:flowering_rush":11,"minecraft:dripstone_block":1,"minecraft:gravel":67,"minecraft:cobweb":3,"mekanism:deepslate_uranium_ore":2,"atlantis:ancient_metal_ore":28,"minecraft:stone_bricks":10,"minecraft:fern":28,"create:deepslate_zinc_ore":3,"minecraft:spruce_planks":18,"minecraft:farmland":2,"minecraft:spruce_trapdoor":5,"minecraft:budding_amethyst":10,"minecraft:grass_block":1075,"botanypots:light_gray_terracotta_hopper_botany_pot":2,"minecraft:soul_soil":2,"realmrpg_skeletons:dungeon_crawler_skeleton":1,"editenchanting:enchantment_edit_table":1,"ironfurnaces:gold_furnace":2,"minecraft:iron_ore":15,"minecraft:anvil":3,"realmrpg_skeletons:rookie_skeleton":1,"minecraft:pointed_dripstone":14,"minecraft:iron_bars":6,"minecraft:potted_cornflower":5,"minecraft:spruce_slab":1,"minecraft:deepslate_redstone_ore":12,"minecraft:blackstone":13,"minecraft:soul_lantern":6,"exoticbirds:iron_birdcage":1,"minecraft:clay":131,"minecraft:light_gray_terracotta":232,"minecraft:calcite":3,"minecraft:poppy":2,"minecraft:chest":29,"supplementaries:wild_flax":5,"minecraft:nether_quartz_ore":29,"exoticbirds:gold_birdcage":2,"minecraft:cobblestone":40,"realmrpg_skeletons:thief_skeleton":1,"minecraft:grindstone":2,"minecraft:oak_planks":1,"minecraft:wall_torch":3,"minecraft:seagrass":4,"realmrpg_skeletons:bow_skeleton":1,"minecraft:tnt":20,"mekanism:deepslate_tin_ore":3,"minecraft:oak_log":48,"minecraft:sand":498,"minecraft:dirt":1092,"quark:hollow_oak_log":1,"mysticalagriculture:deepslate_prosperity_ore":22,"minecraft:netherrack":121,"minecraft:oak_leaves":1,"realmrpg_skeletons:waterdrop_skeleton":2,"upgrade_aquatic:river_log":8,"minecraft:deepslate_diamond_ore":14,"enchantinginfuser:enchanting_infuser":2,"minecraft:oak_door":2,"minecraft:ladder":1,"create:ochrum":2,"minecraft:spruce_leaves":7,"minecraft:infested_chiseled_stone_bricks":1,"minecraft:cracked_nether_bricks":1,"minecraft:large_fern":8,"minecraft:hay_block":8,"minecraft:furnace":2,"minecraft:bookshelf":83,"minecraft:deepslate_iron_ore":7,"sophisticatedstorage:iron_barrel":7,"minecraft:stone":1285,"minecraft:podzol":4,"minecraft:stripped_dark_oak_log":1,"minecraft:spruce_door":1,"pipez:item_pipe":8,"minecraft:crafting_table":1,"minecraft:rose_bush":2,"minecraft:stone_slab":5,"upgrade_aquatic:river_leaves":1,"supplementaries:urn":30,"ironfurnaces:diamond_furnace":4,"minecraft:ice":4,"minecraft:coal_ore":100,"evilcraft:blood_stain":1,"minecraft:flower_pot":1,"dynamictrees:oak_sapling":1,"upgrade_aquatic:driftwood_log":7,"paraglider:goddess_statue":1}},"DataVersion":3465}