{"stats":{"minecraft:dropped":{"croptopia:toast":60,"minecraft:white_bed":1,"crafting_on_a_stick:crafting_table":2,"minecraft:apple":5,"exoticbirds:mystery_egg":1,"slashblade:slashblade_bamboo":2,"minecraft:spruce_sapling":2,"easy_villagers:villager":1},"minecraft:killed_by":{"grimoireofgaia:minotaur":4,"grimoireofgaia:minotaurus":1,"aquamirae:maw":1,"minecraft:phantom":1},"minecraft:crafted":{"minecraft:brick":0,"minecraft:black_dye":1,"mekanismtools:diamond_paxel":2,"minecraft:farmland":1,"minecraft:oak_planks":41,"mekanismtools:iron_paxel":3,"botanypots:light_gray_terracotta_hopper_botany_pot":6,"minecraft:blaze_powder":2,"botanypots:terracotta_hopper_botany_pot":8,"minecraft:birch_slab":24,"croptopia:toast":118,"ironfurnaces:iron_furnace":2,"sophisticatedstorage:barrel":14,"minecraft:stone":16,"minecraft:cracked_stone_bricks":0,"minecraft:diamond_shovel":2,"ironfurnaces:diamond_furnace":2,"naturalist:cooked_bass":2,"morebowsandarrows:diamond_arrow":8,"minecraft:glass":5,"minecraft:hopper":23,"minecraft:diamond_helmet":1,"minecraft:diamond_leggings":1,"minecraft:iron_boots":1,"explorerscompass:explorerscompass":1,"botanypotstiers:elite_terracotta_hopper_botany_pot":4,"minecraft:chest":6,"minecraft:stone_hoe":2,"minecraft:stone_bricks":1,"minecraft:flower_pot":35,"minecraft:raw_iron_block":14,"minecraft:glass_bottle":7,"blue_skies:blue_journal":1,"sophisticatedbackpacks:backpack":1,"casinocraft:rulebook_1_1":1,"tiab:time_in_a_bottle":1,"enchantinginfuser:enchanting_infuser":1,"minecraft:diamond_axe":2,"minecraft:crafting_table":11,"minecraft:spruce_planks":60,"minecraft:wooden_pickaxe":1,"minecraft:clock":1,"minecraft:copper_ingot":0,"minecraft:gold_block":1,"minecraft:brewing_stand":1,"minecraft:lava_bucket":34,"butchersdelight:cleaver":1,"minecraft:birch_planks":19,"mekanismtools:stone_paxel":3,"minecraft:paper":3,"minecraft:diamond_pickaxe":2,"sophisticatedbackpacks:diamond_backpack":2,"minecraft:stick":45,"quark:oak_chest":6,"minecraft:iron_pickaxe":4,"minecraft:iron_ingot":242,"minecraft:iron_block":9,"minecraft:gold_ingot":0,"minecraft:redstone_torch":22,"minecraft:shears":1,"minecraft:wooden_sword":7,"croptopia:apple_sapling":1,"minecraft:raw_iron":14,"minecraft:stone_shovel":3,"ironfurnaces:gold_furnace":2,"minecraft:iron_nugget":18,"mysticalagriculture:inferium_farmland":1,"simpleplanes:plane_workbench":1,"potionsmaster:pestle":1,"slashblade:slashblade_bamboo":2,"morebowsandarrows:diamond_bow":1,"minecraft:furnace":2,"slashblade:slashblade_wood":7,"minecraft:diamond_block":1,"minecraft:flint_and_steel":1,"croptopia:peach_sapling":1,"potionsmaster:tile_mortar":1,"minecraft:terracotta":15,"minecraft:iron_axe":4,"minecraft:spruce_slab":30,"minecraft:iron_hoe":1,"minecraft:stone_pickaxe":3,"minecraft:diamond_boots":1,"refinedstorage:silicon":0,"minecraft:redstone_block":1,"sophisticatedstorage:iron_barrel":14,"twilightforest:uncrafting_table":1,"sophisticatedbackpacks:iron_backpack":2,"minecraft:wheat":8,"minecraft:coal_block":473,"minecraft:red_dye":3,"butchersdelight:hook":2,"mekanismtools:lapis_lazuli_helmet":1,"minecraft:enchanting_table":1,"sophisticatedstorage:iron_to_gold_tier_upgrade":8,"sophisticatedbackpacks:gold_backpack":2,"minecraft:bucket":18,"crafting_on_a_stick:crafting_table":2,"minecraft:stone_axe":3,"minecraft:air":1640,"minecraft:bread":165,"minecraft:oak_boat":1,"casinocraft:cardtable_base_white":1,"sophisticatedstorage:iron_to_diamond_tier_upgrade":8,"minecraft:iron_shovel":3,"botanypots:terracotta_botany_pot":8,"minecraft:torch":92,"minecraft:crying_obsidian":4,"minecraft:clay":40,"minecraft:lapis_block":1,"minecraft:diamond_chestplate":1,"minecraft:obsidian":5},"minecraft:killed":{"minecraft:cave_spider":10,"minecraft:zombified_piglin":4,"minecraft:witch":2,"minecraft:spider":30,"grimoireofgaia:minotaur":2,"grimoireofgaia:minotaurus":4,"naturalist:snail":4,"minecraft:skeleton":32,"grimoireofgaia:mimic":6,"exoticbirds:heron":2,"alexsmobs:banana_slug":2,"hmag:catoblepas":2,"twilightforest:minotaur":22,"minecraft:magma_cube":2,"grimoireofgaia:bone_knight":2,"mekanismadditions:baby_creeper":6,"minecraft:creeper":4,"minecraft:sheep":6,"minecraft:pillager":8,"minecraft:zombie":68,"grimoireofgaia:siren":2,"grimoireofgaia:deathword":2,"grimoireofgaia:harpy":24,"grimoireofgaia:dryad":2,"minecraft:blaze":40,"hmag:creeper_girl":2,"alexsmobs:raccoon":2,"mekanismadditions:baby_wither_skeleton":2,"hmag:skeleton_girl":6,"minecraft:slime":18,"grimoireofgaia:ender_eye":6,"mekanismadditions:baby_skeleton":8,"hmag:zombie_girl":8,"naturalist:bass":6,"grimoireofgaia:creep":2,"alexsmobs:bison":6,"alexsmobs:rocky_roller":4,"grimoireofgaia:dullahan":2,"hmag:ghost":12,"aquamirae:maw":2,"quark:foxhound":4,"netherdungeons:baby_ghast":2,"minecraft:squid":2,"grimoireofgaia:arachne":8,"grimoireofgaia:werecat":2,"minecraft:wither_skeleton":4,"minecraft:enderman":4},"minecraft:picked_up":{"sophisticatedstorage:iron_barrel":7,"minecraft:iron_chestplate":2,"minecraft:wheat":496,"minecraft:chainmail_boots":2,"minecraft:anvil":6,"minecraft:flower_pot":9,"minecraft:smithing_table":6,"minecraft:stone_slab":2,"minecraft:enchanted_book":9,"croptopia:calamari":1,"atlantis:atlantean_fire_melon_fruit_seeds":2,"paraglider:goddess_statue":1,"minecraft:amethyst_block":143,"casinocraft:cardtable_base_white":5,"minecraft:music_disc_cat":1,"minecraft:string":28,"minecraft:soul_soil":2,"minecraft:raw_copper":32,"minecraft:red_nether_bricks":6,"minecraft:iron_leggings":6,"minecraft:zombie_head":2,"minecraft:beetroot":2,"butchersdelight:cleaver":1,"atlantis:ancient_metal_ore":5,"mysticalagriculture:inferium_essence":50,"minecraft:tnt_minecart":3,"minecraft:gold_nugget":87,"minecraft:cobbled_deepslate":51,"farmersdelight:cabbage":36,"minecraft:spruce_planks":44,"minecraft:red_dye":3,"minecraft:calcite":3,"minecraft:rose_bush":2,"minecraft:iron_pickaxe":2,"dynamictrees:oak_seed":153,"minecraft:coal_block":6,"farmersdelight:cabbage_seeds":113,"tombstone:scroll_of_lightning_resistance":1,"minecraft:iron_boots":3,"minecraft:furnace":2,"grimoireofgaia:taproot":2,"minecraft:stick":613,"apotheosis:gem":29,"potionsmaster:bezoar":3,"minecraft:torch":80,"mysticalagriculture:prosperity_shard":76,"minecraft:pointed_dripstone":29,"tombstone:grave_dust":25,"minecraft:diorite":2,"easy_villagers:villager":2,"slashblade:proudsoul":1,"minecraft:stone_sword":1,"minecraft:rotten_flesh":72,"grimoireofgaia:stone_coal":6,"artifacts:villager_hat":1,"farmersdelight:onion":201,"create:ochrum":4,"supplementaries:antique_ink":6,"minecraft:iron_block":1,"farmersdelight:rope":5,"tombstone:scroll_of_aquatic_life":1,"supplementaries:ash":57,"minecraft:blaze_rod":8,"minecraft:obsidian":4,"minecraft:cod":16,"minecraft:iron_bars":4,"minecraft:cobblestone":284,"minecraft:birch_log":19,"grimoireofgaia:metal_dagger":4,"farmersdelight:rice":25,"mekanismtools:lapis_lazuli_chestplate":1,"minecraft:magma_block":5,"minecraft:feather":21,"minecraft:cooked_beef":16,"minecraft:birch_slab":24,"minecraft:andesite":72,"minecraft:potato":62,"alexsmobs:bison_fur":3,"paraglider:spirit_orb":2,"minecraft:flint":8,"supplementaries:flax_seeds":22,"minecraft:lapis_lazuli":48,"farmersdelight:tomato":118,"minecraft:dirt":359,"aquamirae:fin":1,"christmasfestivity:disc_marrychristmas":1,"hmag:evil_crystal_fragment":5,"minecraft:bone":121,"minecraft:bow":4,"minecraft:stonecutter":2,"minecraft:wheat_seeds":2357,"simpleplanes:plane_workbench":1,"minecraft:raw_gold":2,"minecraft:grindstone":4,"minecraft:bamboo":281,"botanypots:terracotta_hopper_botany_pot":3,"minecraft:fletching_table":2,"hmag:exp_berry":8,"minecraft:stone_hoe":2,"minecraft:oak_planks":1,"ironfurnaces:iron_furnace":4,"patchouli:guide_book":4,"hmag:soul_powder":21,"mekanismtools:stone_paxel":1,"minecraft:sand":27,"aquamirae:terrible_chestplate":1,"minecraft:ink_sac":3,"minecraft:lily_of_the_valley":6,"exoticbirds:mystery_egg":18,"hmag:kobold_leather":2,"minecraft:trapped_chest":2,"minecraft:barrel":9,"alexsmobs:animal_dictionary":4,"aquamirae:poisoned_blade":1,"minecraft:bundle":4,"minecraft:light_gray_terracotta":232,"minecraft:diamond":8,"minecraft:soul_lantern":6,"waystones:waystone":3,"bossominium:the_bossdexium":4,"enchantinginfuser:enchanting_infuser":1,"minecraft:crossbow":2,"minecraft:golden_apple":2,"minecraft:bread":72,"minecraft:chainmail_helmet":1,"minecraft:golden_horse_armor":1,"minecraft:emerald":37,"alexsmobs:banana_slug_slime":1,"minecraft:oak_sapling":32,"minecraft:netherrack":118,"twilightforest:uncrafting_table":1,"croptopia:toast":62,"minecraft:crafting_table":1,"minecraft:allium":7,"minecraft:ladder":1,"grimoireofgaia:soulfire":8,"artifacts:night_vision_goggles":1,"twilightforest:cooked_meef":5,"minecraft:clay_ball":880,"croptopia:peach":31,"minecraft:chest_minecart":1,"minecraft:turtle_helmet":2,"minecraft:brown_mushroom":1,"minecraft:gold_block":7,"minecraft:diamond_horse_armor":1,"minecraft:cornflower":3,"minecraft:large_fern":1,"minecraft:iron_shovel":1,"minecraft:blackstone":2,"casinocraft:rulebook_1_1":5,"butchersdelight:dead_cow":1,"minecraft:beef":9,"minecraft:iron_nugget":57,"minecraft:poppy":2,"minecraft:spruce_slab":28,"minecraft:chest":48,"minecraft:sugar_cane":91,"farmersdelight:golden_knife":2,"minecraft:spruce_trapdoor":5,"minecraft:egg":2,"minecraft:raw_iron":1755,"grimoireofgaia:diamond_shard":1,"grimoireofgaia:meat":2,"minecraft:stone":16,"minecraft:copper_ingot":3,"farmersdelight:tomato_seeds":36,"minecraft:carrot":5,"minecraft:redstone":107,"minecraft:iron_horse_armor":1,"twilightforest:raw_meef":12,"minecraft:dark_oak_planks":1,"minecraft:tnt":12,"crafting_on_a_stick:crafting_table":2,"minecraft:arrow":42,"butchersdelight:deadsheep":3,"minecraft:pumpkin_pie":3,"ironfurnaces:gold_furnace":2,"minecraft:nether_bricks":77,"minecraft:hay_block":8,"paraglider:horned_statue":1,"minecraft:saddle":4,"minecraft:gold_ingot":8,"minecraft:mutton":39,"minecraft:nether_brick_wall":1,"minecraft:bone_block":21,"minecraft:white_wool":3,"hmag:emerald_fragment":1,"minecraft:glow_ink_sac":15,"minecraft:leather":13,"minecraft:fern":2,"croptopia:glowing_calamari":4,"minecraft:birch_planks":56,"grimoireofgaia:bone_shield":2,"minecraft:oak_log":293,"minecraft:chainmail_chestplate":5,"minecraft:gunpowder":18,"farmersdelight:flint_knife":1,"exoticbirds:cooked_birdmeat":3,"minecraft:paper":14,"minecraft:white_banner":2,"naturalist:bass":2,"minecraft:apple":104,"minecraft:stone_bricks":2,"guideapi_vp:vampirism-guidebook":4,"aquamirae:terrible_leggings":1,"minecraft:iron_ingot":181,"dynamictrees:birch_seed":22,"minecraft:cobweb":5,"tombstone:bag_of_seeds":1,"minecraft:soul_sand":84,"minecraft:book":391,"slashblade:proudsoul_tiny":13,"minecraft:smooth_basalt":1,"minecraft:sweet_berries":37,"minecraft:stone_brick_slab":1,"minecraft:quartz":29,"minecraft:cracked_nether_bricks":1,"minecraft:dripstone_block":1,"minecraft:gravel":38,"minecraft:amethyst_shard":30,"slashblade:slashblade_bamboo":2,"minecraft:spruce_sapling":52,"minecraft:blast_furnace":6,"minecraft:white_bed":2,"minecraft:spruce_log":53,"grimoireofgaia:box_iron":1,"mekanism:raw_osmium":18,"minecraft:spider_eye":17,"tombstone:scroll_of_true_sight":1,"butchersdelight:sheephide":12,"minecraft:pumpkin_seeds":19,"minecraft:slime_ball":24,"minecraft:stone_axe":2,"twilightforest:maze_map_focus":2,"minecraft:iron_helmet":4,"croptopia:orange":15,"minecraft:melon_seeds":6,"tombstone:magic_scroll":5,"minecraft:coal":2157,"minecraft:hopper":1,"minecraft:stripped_dark_oak_log":1,"botanypots:terracotta_botany_pot":3,"minecraft:ender_pearl":5},"minecraft:used":{"minecraft:chest":14,"minecraft:shield":20,"butchersdelight:hook":2,"minecraft:iron_sword":121,"aquamirae:poisoned_blade":145,"minecraft:rotten_flesh":10,"minecraft:nether_bricks":20,"minecraft:allium":1,"naturalist:cooked_bass":2,"mekanismtools:diamond_paxel":1275,"minecraft:obsidian":10,"sophisticatedbackpacks:diamond_backpack":1,"minecraft:stone_bricks":2,"ironfurnaces:iron_furnace":4,"minecraft:magma_block":2,"croptopia:peach":9,"minecraft:furnace":2,"grimoireofgaia:metal_dagger":6,"atlantis:ancient_metal_ore":1,"minecraft:diorite":2,"tiab:time_in_a_bottle":2,"minecraft:oak_planks":1,"twilightforest:uncrafting_table":2,"minecraft:wooden_pickaxe":59,"minecraft:light_gray_terracotta":8,"sophisticatedstorage:iron_to_diamond_tier_upgrade":8,"minecraft:dripstone_block":1,"minecraft:shears":3,"croptopia:orange":15,"botanypots:terracotta_botany_pot":3,"waystones:waystone":1,"easy_villagers:villager":11,"minecraft:bread":3,"mekanismtools:iron_paxel":579,"minecraft:gravel":25,"simpleplanes:plane_workbench":2,"exoticbirds:cooked_birdmeat":3,"croptopia:toast":133,"minecraft:oak_boat":1,"ironfurnaces:gold_furnace":2,"minecraft:rose_bush":1,"minecraft:iron_bars":2,"minecraft:flint_and_steel":1,"croptopia:glowing_calamari":3,"minecraft:spruce_planks":5,"casinocraft:cardtable_base_white":7,"morebowsandarrows:diamond_bow":8,"minecraft:stone_hoe":132,"minecraft:netherrack":53,"minecraft:brewing_stand":1,"minecraft:torch":61,"minecraft:dirt":136,"minecraft:anvil":1,"ironfurnaces:diamond_furnace":2,"sophisticatedstorage:iron_barrel":20,"botanypotstiers:elite_terracotta_hopper_botany_pot":4,"minecraft:iron_boots":1,"minecraft:bamboo":16,"slashblade:slashblade_wood":300,"tombstone:gift":10,"simpleplanes:cargo_plane":1,"minecraft:cooked_beef":1,"minecraft:cobbled_deepslate":27,"minecraft:wheat_seeds":125,"minecraft:water_bucket":109,"botanypots:terracotta_hopper_botany_pot":4,"minecraft:nether_brick_wall":1,"twilightforest:cooked_meef":5,"minecraft:glass_bottle":3,"minecraft:red_nether_bricks":6,"mekanismtools:stone_paxel":488,"minecraft:crafting_table":1,"croptopia:apple_sapling":1,"minecraft:white_bed":3,"minecraft:spruce_log":3,"tombstone:bag_of_seeds":2,"slashblade:slashblade_bamboo":141,"minecraft:apple":11,"minecraft:cracked_nether_bricks":1,"tombstone:magic_scroll":3,"minecraft:stone_slab":1,"enchantinginfuser:enchanting_infuser":2,"minecraft:cobblestone":63,"croptopia:peach_sapling":1,"minecraft:bucket":123,"alexsmobs:animal_dictionary":1},"minecraft:custom":{"minecraft:interact_with_crafting_table":116,"minecraft:open_barrel":674,"minecraft:bell_ring":6,"minecraft:leave_game":18,"minecraft:time_since_death":212262,"minecraft:damage_resisted":0,"minecraft:sprint_one_cm":1405120,"minecraft:damage_blocked_by_shield":635,"minecraft:drop":15,"minecraft:talked_to_villager":11,"minecraft:play_time":1076859,"minecraft:deaths":9,"minecraft:interact_with_brewingstand":6,"minecraft:jump":6691,"minecraft:walk_on_water_one_cm":52512,"minecraft:interact_with_furnace":204,"twilightforest:uncrafting_table_interactions":19,"minecraft:traded_with_villager":1,"minecraft:sleep_in_bed":9,"minecraft:waystone_activated":4,"minecraft:damage_dealt":49023,"minecraft:crouch_one_cm":222766,"tombstone:undead_killed":73,"minecraft:interact_with_anvil":5,"minecraft:mob_kills":211,"minecraft:inspect_hopper":1,"minecraft:damage_dealt_resisted":675,"minecraft:climb_one_cm":19361,"minecraft:walk_one_cm":1244530,"minecraft:sneak_time":66257,"minecraft:walk_under_water_one_cm":38013,"minecraft:total_world_time":1076859,"tombstone:raider_killed":5,"minecraft:time_since_rest":66463,"minecraft:damage_taken":14305,"minecraft:trigger_trapped_chest":14,"minecraft:swim_one_cm":37915,"minecraft:fly_one_cm":1187335,"minecraft:open_chest":410,"minecraft:fall_one_cm":179556},"minecraft:mined":{"minecraft:dark_oak_planks":1,"minecraft:spruce_planks":8,"minecraft:white_bed":2,"minecraft:farmland":2,"minecraft:red_nether_bricks":6,"minecraft:spruce_trapdoor":5,"minecraft:budding_amethyst":10,"minecraft:grass_block":190,"minecraft:soul_soil":2,"minecraft:hopper":1,"realmrpg_skeletons:dungeon_crawler_skeleton":1,"minecraft:spawner":1,"minecraft:magma_block":5,"ironfurnaces:gold_furnace":2,"minecraft:iron_ore":15,"minecraft:barrel":7,"minecraft:fire":9,"minecraft:anvil":3,"minecraft:fletching_table":1,"minecraft:deepslate_lapis_ore":4,"minecraft:nether_brick_stairs":1,"minecraft:pointed_dripstone":14,"minecraft:dirt_path":3,"minecraft:iron_bars":4,"minecraft:potted_cornflower":3,"minecraft:deepslate_redstone_ore":12,"mekanism:osmium_ore":6,"botanypots:terracotta_hopper_botany_pot":3,"minecraft:blackstone":1,"botanypots:terracotta_botany_pot":3,"minecraft:amethyst_cluster":2,"minecraft:soul_lantern":6,"ironfurnaces:iron_furnace":4,"minecraft:clay":131,"minecraft:torch":9,"minecraft:light_gray_terracotta":232,"minecraft:blast_furnace":3,"minecraft:calcite":3,"minecraft:poppy":2,"minecraft:chest":29,"twilightforest:uncrafting_table":1,"minecraft:nether_quartz_ore":29,"minecraft:cobblestone":26,"realmrpg_skeletons:thief_skeleton":1,"minecraft:grindstone":2,"minecraft:oak_planks":1,"minecraft:sugar_cane":4,"minecraft:wall_torch":3,"minecraft:amethyst_block":143,"minecraft:seagrass":2,"realmrpg_skeletons:bow_skeleton":1,"realmrpg_skeletons:webbed_skeleton":1,"paraglider:horned_statue":1,"minecraft:wheat":2,"minecraft:tnt":12,"minecraft:grass":199,"minecraft:oak_log":48,"minecraft:sand":29,"minecraft:dirt":86,"mysticalagriculture:deepslate_prosperity_ore":14,"minecraft:smooth_basalt":1,"minecraft:stonecutter":1,"minecraft:netherrack":121,"minecraft:oak_leaves":1,"minecraft:deepslate":38,"realmrpg_skeletons:waterdrop_skeleton":2,"simpleplanes:plane_workbench":1,"minecraft:deepslate_diamond_ore":4,"enchantinginfuser:enchanting_infuser":1,"minecraft:nether_brick_wall":1,"minecraft:nether_bricks":78,"minecraft:ladder":1,"minecraft:allium":6,"casinocraft:cardtable_base_white":5,"create:ochrum":2,"minecraft:spruce_leaves":7,"minecraft:cracked_nether_bricks":1,"minecraft:large_fern":7,"minecraft:hay_block":8,"farmersdelight:wild_onions":2,"minecraft:furnace":2,"dynamictrees:dark_oak_leaves":4,"minecraft:andesite":23,"minecraft:bookshelf":69,"minecraft:deepslate_iron_ore":7,"minecraft:vine":1,"sophisticatedstorage:iron_barrel":7,"minecraft:bamboo_sapling":1,"minecraft:bamboo":17,"minecraft:stone":251,"minecraft:bone_block":21,"minecraft:smithing_table":3,"minecraft:soul_sand":84,"minecraft:potted_lily_of_the_valley":5,"minecraft:stripped_dark_oak_log":1,"minecraft:stone_brick_slab":1,"minecraft:crafting_table":1,"minecraft:rose_bush":2,"minecraft:stone_slab":2,"minecraft:copper_ore":10,"minecraft:tall_grass":22,"minecraft:deepslate_gold_ore":1,"minecraft:diorite":2,"supplementaries:urn":21,"minecraft:trapped_chest":1,"minecraft:ice":4,"minecraft:spruce_log":53,"minecraft:coal_ore":100,"evilcraft:blood_stain":1,"minecraft:dripstone_block":1,"minecraft:gravel":37,"minecraft:flower_pot":1,"minecraft:cobweb":3,"atlantis:ancient_metal_ore":5,"minecraft:stone_bricks":2,"paraglider:goddess_statue":1,"minecraft:fern":23},"minecraft:broken":{"mekanismtools:stone_paxel":2,"mekanismtools:lapis_lazuli_helmet":1,"slashblade:slashblade_wood":5,"minecraft:stone_hoe":1,"minecraft:wooden_pickaxe":1,"slashblade:slashblade_bamboo":2,"mekanismtools:iron_paxel":1}},"DataVersion":3465}