{
  "mekanism:root": {
    "criteria": {
      "automatic": "2024-08-15 12:05:57 -0600"
    },
    "done": true
  },
  "grimoireofgaia:main/root": {
    "criteria": {
      "join": "2024-08-15 12:06:27 -0600"
    },
    "done": true
  },
  "1_splatus:ultris/root": {
    "criteria": {
      "c1": "2024-08-15 12:06:31 -0600"
    },
    "done": true
  },
  "minecraft:recipes/decorations/crafting_table": {
    "criteria": {
      "unlock_right_away": "2024-08-15 12:06:31 -0600"
    },
    "done": true
  },
  "betterdungeons:root": {
    "criteria": {
      "always": "2024-08-15 12:06:31 -0600"
    },
    "done": true
  },
  "exoticbirds:default/root": {
    "criteria": {
      "launch_mod": "2024-08-15 12:06:31 -0600"
    },
    "done": true
  },
  "betterdeserttemples:root": {
    "criteria": {
      "always": "2024-08-15 12:06:31 -0600"
    },
    "done": true
  },
  "dungeons_arise:wda_root": {
    "criteria": {
      "WDA": "2024-08-15 12:06:31 -0600"
    },
    "done": true
  },
  "bossominium:loot_bosses_a": {
    "criteria": {
      "loot_bosses_a": "2024-08-15 12:06:31 -0600"
    },
    "done": true
  },
  "cataclysm:root": {
    "criteria": {
      "custom_test_name": "2024-08-15 12:06:31 -0600"
    },
    "done": true
  },
  "apotheosis:give_book": {
    "criteria": {
      "tick": "2024-08-15 12:06:31 -0600"
    },
    "done": true
  },
  "tombstone:adventure/root": {
    "criteria": {
      "auto": "2024-08-15 12:06:32 -0600"
    },
    "done": true
  },
  "exoticbirds:recipes/phoenix_egg_from_nether_phoenix": {
    "criteria": {
      "has_egg": "2024-08-15 12:23:21 -0600"
    },
    "done": true
  },
  "create:root": {
    "criteria": {
      "0": "2024-08-15 12:23:21 -0600"
    },
    "done": true
  },
  "naturalist:recipes/food/cooked_egg": {
    "criteria": {
      "has_eggs": "2024-08-15 12:23:21 -0600"
    },
    "done": true
  },
  "exoticbirds:recipes/phoenix_egg_from_cloud_phoenix": {
    "criteria": {
      "has_egg": "2024-08-15 12:23:21 -0600"
    },
    "done": true
  },
  "uncrafter:recipes/uncrafter": {
    "criteria": {
      "has_block": "2024-08-15 12:23:21 -0600"
    },
    "done": true
  },
  "exoticbirds:recipes/phoenix_egg_from_desert_phoenix": {
    "criteria": {
      "has_egg": "2024-08-15 12:23:21 -0600"
    },
    "done": true
  },
  "exoticbirds:recipes/phoenix_egg_from_ender_phoenix": {
    "criteria": {
      "has_egg": "2024-08-15 12:23:21 -0600"
    },
    "done": true
  },
  "slashblade:movesets": {
    "criteria": {
      "crafting": "2024-08-15 12:23:21 -0600"
    },
    "done": true
  },
  "exoticbirds:recipes/egg_identifier": {
    "criteria": {
      "has_bucket": "2024-08-15 12:23:21 -0600"
    },
    "done": true
  },
  "slashblade:material/proudsoul_tiny": {
    "criteria": {
      "BrokenBlade": "2024-08-15 12:23:21 -0600"
    },
    "done": true
  },
  "exoticbirds:recipes/egg_incubator": {
    "criteria": {
      "has_bucket": "2024-08-15 12:23:21 -0600",
      "has_flint": "2024-08-15 12:23:21 -0600"
    },
    "done": true
  },
  "exoticbirds:recipes/phoenix_egg_from_twilight_phoenix": {
    "criteria": {
      "has_egg": "2024-08-15 12:23:21 -0600"
    },
    "done": true
  },
  "uncrafter:recipes/advanced_uncrafter": {
    "criteria": {
      "has_block": "2024-08-15 12:23:21 -0600"
    },
    "done": true
  },
  "exoticbirds:recipes/phoenix_egg_from_fire_phoenix": {
    "criteria": {
      "has_egg": "2024-08-15 12:23:21 -0600"
    },
    "done": true
  },
  "slashblade:root": {
    "criteria": {
      "attackTheEntity": "2024-08-15 12:23:21 -0600"
    },
    "done": true
  },
  "exoticbirds:recipes/phoenix_egg_from_skeleton_phoenix": {
    "criteria": {
      "has_egg": "2024-08-15 12:23:21 -0600"
    },
    "done": true
  },
  "exoticbirds:recipes/phoenix_egg_from_water_phoenix": {
    "criteria": {
      "has_egg": "2024-08-15 12:23:21 -0600"
    },
    "done": true
  },
  "farmersdelight:main/root": {
    "criteria": {
      "seeds": "2024-08-15 12:23:21 -0600"
    },
    "done": true
  },
  "exoticbirds:recipes/phoenix_egg_from_snowy_phoenix": {
    "criteria": {
      "has_egg": "2024-08-15 12:23:21 -0600"
    },
    "done": true
  },
  "minecraft:adventure/root": {
    "criteria": {
      "killed_something": "2024-08-15 12:23:29 -0600"
    },
    "done": true
  },
  "DataVersion": 3465
}